"source","target","context","comments"
"Home","الرئيسية","",""
"Dashboard","لوحة المعلومات","",""
"Import Management","إدارة الاستيراد","",""
"Vehicle Import Files","ملفات استيراد المركبات","",""
"Purchasing","المشتريات","",""
"Suppliers","الموردون","",""
"Purchase Orders","أوامر الشراء","",""
"Purchase Receipts","استلام المشتريات","",""
"Purchase Invoices","فواتير الشراء","",""
"Supplier Payments","دفعات الموردين","",""
"Landed Cost Vouchers","سندات تكاليف الاستيراد","",""
"Vehicles","المركبات","",""
"Vehicle Master","سجل المركبات","",""
"VIN and Serial Numbers","رقم الهيكل والرقم التسلسلي","",""
"Vehicle Inspections","فحص المركبات","",""
"Sales","المبيعات","",""
"Customers","العملاء","",""
"Quotations","عروض أسعار البيع","",""
"Sales Orders","أوامر البيع","",""
"Sales Invoices","فواتير المبيعات","",""
"Customer Payments","دفعات العملاء","",""
"Open Vehicle Import Files","ملفات الاستيراد المفتوحة","",""
"Awaiting VIN Entry","بانتظار إدخال رقم الهيكل","",""
"Awaiting Vehicle Master Completion","بانتظار استكمال ملف المركبة","",""
"Vehicles Ready for Sale","مركبات جاهزة للبيع","",""
"Open Sales Orders","أوامر البيع المفتوحة","",""
"Unpaid Customer Invoices","فواتير العملاء غير المسددة","",""
"Unpaid Supplier Invoices","فواتير الموردين غير المسددة","",""
"Open Desk","فتح المكتب","",""
"Sign out","تسجيل الخروج","",""
"All companies","كل الشركات","",""
"Search VIN, file, supplier, customer…","ابحث عن رقم الهيكل أو الملف أو المورد أو العميل…","",""
"Not available","غير متاح","",""
"No records","لا توجد سجلات","",""
"No records found","لم يتم العثور على سجلات","",""
"Recently updated import files","ملفات الاستيراد المحدثة مؤخراً","",""
"Vehicles requiring attention","مركبات تتطلب المتابعة","",""
"Open in Desk","فتح في المكتب","",""
